中,1,1997,2008,1,0,0,1,
王,1,1997,2008,1,0,0,2,
国,1,1997,2008,1,0,0,3,
大,1,1997,2008,1,0,0,4,
日,1,1997,2008,1,0,0,5,
本,1,1997,2008,1,0,0,6,
小,1,1997,2008,1,0,0,7,
马,1,1997,2008,1,0,0,8,
吗,1,1997,2008,1,0,0,9,
很,1,1997,2008,1,0,0,10,
不,1,1997,2008,1,0,0,11,
你,1,1997,2008,2,"0,5","0,5",1,
是,1,1997,2008,2,"0,5","0,5",2,
哪,1,1997,2008,2,"0,5","0,5",3,
人,1,1997,2008,2,"0,5","0,5",4,
李,1,1997,2008,2,"0,5","0,5",5,
田,1,1997,2008,2,"0,5","0,5",6,
我,1,1997,2008,2,"0,5","0,5",7,
法,1,1997,2008,2,"0,5","0,5",8,
也,1,1997,2008,2,"0,5","0,5",9,
他,1,1997,2008,2,"0,5","0,5",10,
们,1,1997,2008,2,"0,5","0,5",11,
美,1,1997,2008,2,"0,5","0,5",12,
一,1,1997,2008,2,"0,5","0,5",101,
二,1,1997,2008,2,"0,5","0,5",102,
两,1,1997,2008,2,"0,5","0,5",103,
三,1,1997,2008,2,"0,5","0,5",104,
四,1,1997,2008,2,"0,5","0,5",105,
五,1,1997,2008,2,"0,5","0,5",106,
六,1,1997,2008,2,"0,5","0,5",107,
七,1,1997,2008,2,"0,5","0,5",108,
八,1,1997,2008,2,"0,5","0,5",109,
九,1,1997,2008,2,"0,5","0,5",110,
十,1,1997,2008,2,"0,5","0,5",111,
百,1,1997,2008,2,"0,5","0,5",112,
千,1,1997,2008,2,"0,5","0,5",113,
万,1,1997,2008,2,"0,5","0,5",114,
月,1,1997,2008,2,"0,5","0,5",115,
年,1,1997,2008,2,"0,5","0,5",116,
零,1,1997,2008,2,"0,5","0,5",117,
第,1,1997,2008,2,"0,5","0,5",118,
星,1,1997,2008,2,"0,5","0,5",119,
期,1,1997,2008,2,"0,5","0,5",120,
您,1,1997,2008,3,1,"1,1",1,
贵,1,1997,2008,3,1,"1,1",2,
姓,1,1997,2008,3,1,"1,1",3,
立,1,1997,2008,3,1,"1,1",4,
阳,1,1997,2008,3,1,"1,1",5,
月,1,1997,2008,3,1,"1,1",6,
文,1,1997,2008,3,1,"1,1",7,
叫,1,1997,2008,3,1,"1,1",8,
什,1,1997,2008,3,1,"1,1",9,
么,1,1997,2008,3,1,"1,1",10,
名,1,1997,2008,3,1,"1,1",11,
字,1,1997,2008,3,1,"1,1",12,
去,1,1997,2008,3,1,"1,1",13,
儿,1,1997,2008,3,1,"1,1",14,
学,1,1997,2008,4,2,"1,2",1,
这,1,1997,2008,4,2,"1,2",2,
谁,1,1997,2008,4,2,"1,2",3,
的,1,1997,2008,4,2,"1,2",4,
书,1,1997,2008,4,2,"1,2",5,
那,1,1997,2008,4,2,"1,2",6,
老,1,1997,2008,4,2,"1,2",7,
师,1,1997,2008,4,2,"1,2",8,
冬,1,1997,2008,4,2,"1,2",9,
哦,1,1997,2008,4,2,"1,2",10,
生,1,1997,2008,4,2,"1,2",11,
汉,1,1997,2008,5,"2,5","1,25",1,
语,1,1997,2008,5,"2,5","1,25",2,
说,1,1997,2008,5,"2,5","1,25",3,
得,1,1997,2008,5,"2,5","1,25",4,
怎,1,1997,2008,5,"2,5","1,25",5,
样,1,1997,2008,5,"2,5","1,25",6,
外,1,1997,2008,5,"2,5","1,25",7,
都,1,1997,2008,5,"2,5","1,25",8,
好,1,1997,2008,5,"2,5","1,25",9,
呢,1,1997,2008,5,"2,5","1,25",10,
写,1,1997,2008,5,"2,5","1,25",11,
过,1,1997,2008,6,3,"1,3",1,
看,1,1997,2008,6,3,"1,3",2,
地,1,1997,2008,6,3,"1,3",3,
图,1,1997,2008,6,3,"1,3",4,
在,1,1997,2008,6,3,"1,3",5,
没,1,1997,2008,6,3,"1,3",6,
想,1,1997,2008,6,3,"1,3",7,
北,1,1997,2008,6,3,"1,3",8,
京,1,1997,2008,6,3,"1,3",9,
南,1,1997,2008,6,3,"1,3",10,
山,1,1997,2008,6,3,"1,3",11,
东,1,1997,2008,6,3,"1,3",12,
西,1,1997,2008,6,3,"1,3",13,
家,1,1997,2008,7,4,"1,4",14,
有,1,1997,2008,7,4,"1,4",15,
几,1,1997,2008,7,4,"1,4",1,
口,1,1997,2008,7,4,"1,4",2,
回,1,1997,2008,7,4,"1,4",3,
方,1,1997,2008,7,4,"1,4",4,
上,1,1997,2008,7,4,"1,4",5,
海,1,1997,2008,7,4,"1,4",6,
孩,1,1997,2008,7,4,"1,4",7,
子,1,1997,2008,7,4,"1,4",8,
个,1,1997,2008,7,4,"1,4",9,
男,1,1997,2008,7,4,"1,4",10,
女,1,1997,2008,7,4,"1,4",11,
爱,1,1997,2008,7,4,"1,4",12,
工,1,1997,2008,7,4,"1,4",13,
作,1,1997,2008,7,4,"1,4",14,
她,1,1997,2008,7,4,"1,4",15,
喝,1,1997,2008,8,5,"1,5",1,
点,1,1997,2008,8,5,"1,5",2,
茶,1,1997,2008,8,5,"1,5",3,
杯,1,1997,2008,8,5,"1,5",4,
可,1,1997,2008,8,5,"1,5",5,
乐,1,1997,2008,8,5,"1,5",6,
馆,1,1997,2008,8,5,"1,5",7,
要,1,1997,2008,8,5,"1,5",8,
花,1,1997,2008,8,5,"1,5",9,
还,1,1997,2008,8,5,"1,5",10,
红,1,1997,2008,8,5,"1,5",11,
黑,1,1997,2008,8,5,"1,5",12,
喜,1,1997,2008,8,5,"1,5",13,
欢,1,1997,2008,8,5,"1,5",14,
酒,1,1997,2008,8,5,"1,5",15,
开,1,1997,2008,8,5,"1,5",16,
水,1,1997,2008,8,5,"1,5",17,
凉,1,1997,2008,8,5,"1,5",18,
时,1,1997,2008,9,6,"1,6",1,
候,1,1997,2008,9,6,"1,6",2,
今,1,1997,2008,9,6,"1,6",3,
年,1,1997,2008,9,6,"1,6",4,
坐,1,1997,2008,9,6,"1,6",5,
飞,1,1997,2008,9,6,"1,6",6,
机,1,1997,2008,9,6,"1,6",7,
火,1,1997,2008,9,6,"1,6",8,
车,1,1997,2008,9,6,"1,6",9,
来,1,1997,2008,9,6,"1,6",10,
天,1,1997,2008,9,6,"1,6",11,
买,1,1997,2008,9,6,"1,6",12,
票,1,1997,2008,9,6,"1,6",13,
了,1,1997,2008,9,6,"1,6",14,
多,1,1997,2008,9,6,"1,6",15,
少,1,1997,2008,9,6,"1,6",16,
画,1,1997,2008,9,6,"1,6",101,
远,1,1997,2008,9,6,"1,6",102,
色,1,1997,2008,9,6,"1,6",103,
近,1,1997,2008,9,6,"1,6",104,
听,1,1997,2008,9,6,"1,6",105,
无,1,1997,2008,9,6,"1,6",106,
声,1,1997,2008,9,6,"1,6",107,
春,1,1997,2008,9,6,"1,6",108,
鸟,1,1997,2008,9,6,"1,6",109,
惊,1,1997,2008,9,6,"1,6",110,
久,1,1997,2008,10,7,"2,1",1,
见,1,1997,2008,10,7,"2,1",2,
最,1,1997,2008,10,7,"2,1",3,
近,1,1997,2008,10,7,"2,1",4,
以,1,1997,2008,10,7,"2,1",5,
张,1,1997,2008,10,7,"2,1",6,
教,1,1997,2008,10,7,"2,1",7,
元,1,1997,2008,10,7,"2,1",8,
万,1,1997,2008,10,7,"2,1",9,
民,1,1997,2008,10,7,"2,1",10,
画,1,1997,2008,10,7,"2,1",11,
报,1,1997,2008,10,7,"2,1",12,
玩,1,1997,2008,10,7,"2,1",13,
朋,1,1997,2008,10,7,"2,1",14,
友,1,1997,2008,10,7,"2,1",15,
里,1,1997,2008,10,7,"2,1",16,
重,1,1997,2008,10,7,"2,1",17,
认,1,1997,2008,10,7,"2,1",18,
识,1,1997,2008,10,7,"2,1",19,
岁,1,1997,2008,10,7,"2,1",20,
走,1,1997,2008,10,7,"2,1",21,
间,1,1997,2008,10,7,"2,1",22,
到,1,1997,2008,10,7,"2,1",23,
再,1,1997,2008,10,7,"2,1",24,
现,1,1997,2008,11,8,"2,2",1,
正,1,1997,2008,11,8,"2,2",2,
长,1,1997,2008,11,8,"2,2",3,
班,1,1997,2008,11,8,"2,2",4,
同,1,1997,2008,11,8,"2,2",5,
只,1,1997,2008,11,8,"2,2",6,
半,1,1997,2008,11,8,"2,2",7,
会,1,1997,2008,11,8,"2,2",8,
能,1,1997,2008,11,8,"2,2",9,
课,1,1997,2008,11,8,"2,2",10,
画,1,1997,2008,11,8,"2,2",11,
听,1,1997,2008,11,8,"2,2",12,
懂,1,1997,2008,11,8,"2,2",13,
虎,1,1997,2008,11,8,"2,2",14,
昨,1,1997,2008,11,8,"2,2",15,
念,1,1997,2008,11,8,"2,2",16,
下,1,1997,2008,11,8,"2,2",17,
问,1,1997,2008,11,8,"2,2",1,
题,1,1997,2008,11,8,"2,2",2,
知,1,1997,2008,12,9,"2,3",3,
道,1,1997,2008,12,9,"2,3",4,
吧,1,1997,2008,12,9,"2,3",5,
江,1,1997,2008,12,9,"2,3",6,
黄,1,1997,2008,12,9,"2,3",7,
河,1,1997,2008,12,9,"2,3",8,
川,1,1997,2008,12,9,"2,3",9,
自,1,1997,2008,12,9,"2,3",10,
行,1,1997,2008,12,9,"2,3",11,
用,1,1997,2008,12,9,"2,3",12,
筷,1,1997,2008,12,9,"2,3",13,
吃,1,1997,2008,12,9,"2,3",14,
饭,1,1997,2008,12,9,"2,3",15,
孔,1,1997,2008,12,9,"2,3",16,
边,1,1997,2008,12,9,"2,3",17,
湖,1,1997,2008,12,9,"2,3",18,
请,1,1997,2008,13,10,"2,4",1,
进,1,1997,2008,13,10,"2,4",2,
干,1,1997,2008,13,10,"2,4",3,
事,1,1997,2008,13,10,"2,4",4,
刚,1,1997,2008,13,10,"2,4",5,
出,1,1997,2008,13,10,"2,4",6,
休,1,1997,2008,13,10,"2,4",7,
息,1,1997,2008,13,10,"2,4",8,
太,1,1997,2008,13,10,"2,4",9,
哥,1,1997,2008,13,10,"2,4",10,
住,1,1997,2008,13,10,"2,4",11,
房,1,1997,2008,13,10,"2,4",12,
离,1,1997,2008,13,10,"2,4",13,
电,1,1997,2008,13,10,"2,4",14,
楼,1,1997,2008,13,10,"2,4",15,
远,1,1997,2008,13,10,"2,4",16,
明,1,1997,2008,13,10,"2,4",17,
给,1,1997,2008,13,10,"2,4",18,
打,1,1997,2008,13,10,"2,4",19,
菜,1,1997,2008,14,11,"2,5",1,
位,1,1997,2008,14,11,"2,5",2,
鱼,1,1997,2008,14,11,"2,5",3,
鸡,1,1997,2008,14,11,"2,5",4,
牛,1,1997,2008,14,11,"2,5",5,
肉,1,1997,2008,14,11,"2,5",6,
羊,1,1997,2008,14,11,"2,5",7,
份,1,1997,2008,14,11,"2,5",8,
白,1,1997,2008,14,11,"2,5",9,
古,1,1997,2008,14,11,"2,5",10,
米,1,1997,2008,14,11,"2,5",11,
饺,1,1997,2008,14,11,"2,5",12,
做,1,1997,2008,14,11,"2,5",13,
错,1,1997,2008,14,11,"2,5",14,
饿,1,1997,2008,14,11,"2,5",15,
先,1,1997,2008,14,11,"2,5",16,
快,1,1997,2008,14,11,"2,5",17,
慢,1,1997,2008,14,11,"2,5",18,
谢,1,1997,2008,14,11,"2,5",19,
安,1,1997,2008,15,12,"2,6",1,
门,1,1997,2008,15,12,"2,6",2,
钱,1,1997,2008,15,12,"2,6",3,
毛,1,1997,2008,15,12,"2,6",4,
分,1,1997,2008,15,12,"2,6",5,
块,1,1997,2008,15,12,"2,6",6,
从,1,1997,2008,15,12,"2,6",7,
站,1,1997,2008,15,12,"2,6",8,
医,1,1997,2008,15,12,"2,6",9,
院,1,1997,2008,15,12,"2,6",10,
路,1,1997,2008,15,12,"2,6",11,
汽,1,1997,2008,15,12,"2,6",12,
后,1,1997,2008,15,12,"2,6",13,
往,1,1997,2008,15,12,"2,6",14,
前,1,1997,2008,15,12,"2,6",15,
就,1,1997,2008,15,12,"2,6",16,
庄,1,1997,2008,15,12,"2,6",101,
蝴,1,1997,2008,15,12,"2,6",102,
蝶,1,1997,2008,15,12,"2,6",103,
睡,1,1997,2008,15,12,"2,6",104,
梦,1,1997,2008,15,12,"2,6",105,
关,1,1997,2008,16,13,"3,1",1,
放,1,1997,2008,16,13,"3,1",2,
活,1,1997,2008,16,13,"3,1",3,
包,1,1997,2008,16,13,"3,1",4,
更,1,1997,2008,16,13,"3,1",5,
声,1,1997,2008,16,13,"3,1",6,
丁,1,1997,2008,16,13,"3,1",7,
才,1,1997,2008,16,13,"3,1",8,
父,1,1997,2008,16,13,"3,1",9,
亲,1,1997,2008,16,13,"3,1",10,
对,1,1997,2008,16,13,"3,1",11,
面,1,1997,2008,16,13,"3,1",12,
商,1,1997,2008,16,13,"3,1",13,
店,1,1997,2008,16,13,"3,1",14,
杜,1,1997,2008,16,13,"3,1",15,
和,1,1997,2008,16,13,"3,1",16,
主,1,1997,2008,16,13,"3,1",17,
物,1,1997,2008,16,13,"3,1",18,
象,1,1997,2008,16,13,"3,1",19,
比,1,1997,2008,16,13,"3,1",20,
高,1,1997,2008,16,13,"3,1",21,
母,1,1997,2008,16,13,"3,1",22,
如,1,1997,2008,16,13,"3,1",23,
果,1,1997,2008,16,13,"3,1",24,
晚,1,1997,2008,16,13,"3,1",25,
早,1,1997,2008,16,13,"3,1",26,
兴,1,1997,2008,16,13,"3,1",27,
发,1,1997,2008,17,14,"3,2",1,
音,1,1997,2008,17,14,"3,2",2,
意,1,1997,2008,17,14,"3,2",3,
思,1,1997,2008,17,14,"3,2",4,
钢,1,1997,2008,17,14,"3,2",5,
笔,1,1997,2008,17,14,"3,2",6,
觉,1,1997,2008,17,14,"3,2",7,
难,1,1997,2008,17,14,"3,2",8,
又,1,1997,2008,17,14,"3,2",9,
每,1,1997,2008,17,14,"3,2",10,
午,1,1997,2008,17,14,"3,2",11,
些,1,1997,2008,17,14,"3,2",12,
讲,1,1997,2008,17,14,"3,2",13,
身,1,1997,2008,17,14,"3,2",14,
体,1,1997,2008,17,14,"3,2",15,
为,1,1997,2008,17,14,"3,2",16,
忙,1,1997,2008,17,14,"3,2",17,
次,1,1997,2008,18,15,"3,3",1,
区,1,1997,2008,18,15,"3,3",2,
别,1,1997,2008,18,15,"3,3",3,
气,1,1997,2008,18,15,"3,3",4,
言,1,1997,2008,18,15,"3,3",5,
常,1,1997,2008,18,15,"3,3",6,
雨,1,1997,2008,18,15,"3,3",7,
冷,1,1997,2008,18,15,"3,3",8,
春,1,1997,2008,18,15,"3,3",9,
风,1,1997,2008,18,15,"3,3",10,
秋,1,1997,2008,18,15,"3,3",11,
热,1,1997,2008,18,15,"3,3",12,
城,1,1997,2008,18,15,"3,3",13,
市,1,1997,2008,18,15,"3,3",14,
化,1,1997,2008,18,15,"3,3",15,
心,1,1997,2008,18,15,"3,3",16,
广,1,1997,2008,18,15,"3,3",17,
场,1,1997,2008,18,15,"3,3",18,
公,1,1997,2008,18,15,"3,3",19,
园,1,1997,2008,18,15,"3,3",20,
非,1,1997,2008,18,15,"3,3",21,
药,1,1997,2008,19,16,"3,4",1,
龙,1,1997,2008,19,16,"3,4",2,
找,1,1997,2008,19,16,"3,4",3,
钟,1,1997,2008,19,16,"3,4",4,
影,1,1997,2008,19,16,"3,4",5,
始,1,1997,2008,19,16,"3,4",6,
起,1,1997,2008,19,16,"3,4",7,
病,1,1997,2008,19,16,"3,4",8,
头,1,1997,2008,19,16,"3,4",9,
疼,1,1997,2008,19,16,"3,4",10,
夫,1,1997,2008,19,16,"3,4",11,
种,1,1997,2008,19,16,"3,4",12,
定,1,1997,2008,19,16,"3,4",13,
片,1,1997,2008,19,16,"3,4",14,
脑,1,1997,2008,19,16,"3,4",15,
让,1,1997,2008,19,16,"3,4",16,
新,1,1997,2008,19,16,"3,4",17,
着,1,1997,2008,20,17,"3,5",1,
等,1,1997,2008,20,17,"3,5",2,
差,1,1997,2008,20,17,"3,5",3,
忘,1,1997,2008,20,17,"3,5",4,
因,1,1997,2008,20,17,"3,5",5,
所,1,1997,2008,20,17,"3,5",6,
把,1,1997,2008,20,17,"3,5",7,
带,1,1997,2008,20,17,"3,5",8,
办,1,1997,2008,20,17,"3,5",9,
室,1,1997,2008,20,17,"3,5",10,
手,1,1997,2008,20,17,"3,5",11,
提,1,1997,2008,20,17,"3,5",12,
己,1,1997,2008,20,17,"3,5",13,
拿,1,1997,2008,20,17,"3,5",14,
轻,1,1997,2008,20,17,"3,5",15,
收,1,1997,2008,20,17,"3,5",16,
衣,1,1997,2008,20,17,"3,5",17,
服,1,1997,2008,20,17,"3,5",18,
夜,1,1997,2008,20,17,"3,5",19,
共,1,1997,2008,20,17,"3,5",20,
祝,1,1997,2008,21,18,"3,6",1,
平,1,1997,2008,21,18,"3,6",2,
刻,1,1997,2008,21,18,"3,6",3,
骑,1,1997,2008,21,18,"3,6",4,
真,1,1997,2008,21,18,"3,6",5,
成,1,1997,2008,21,18,"3,6",6,
唱,1,1997,2008,21,18,"3,6",7,
歌,1,1997,2008,21,18,"3,6",8,
当,1,1997,2008,21,18,"3,6",9,
校,1,1997,2008,21,18,"3,6",10,
升,1,1997,2008,21,18,"3,6",11,
辆,1,1997,2008,21,18,"3,6",12,
租,1,1997,2008,21,18,"3,6",13,
便,1,1997,2008,21,18,"3,6",14,
动,1,1997,2008,21,18,"3,6",15,
旁,1,1997,2008,21,18,"3,6",16,
旧,1,1997,2008,21,18,"3,6",17,
金,1,1997,2008,21,18,"3,6",18,
信,1,1997,2008,21,18,"3,6",19,
虽,1,1997,2008,21,18,"3,6",20,
然,1,1997,2008,21,18,"3,6",21,
泥,1,1997,2008,22,chanson,chanson,1,
湾,1,1997,2008,22,chanson,chanson,2,
蓝,1,1997,2008,22,chanson,chanson,3,
香,1,1997,2008,22,chanson,chanson,4,
光,1,1997,2008,22,chanson,chanson,5,
处,1,1997,2008,22,chanson,chanson,6,
稼,1,1997,2008,22,chanson,chanson,7,
遍,1,1997,2008,22,chanson,chanson,8,
楚,2,1991,2013,5,5,5,1,
传,2,1991,2013,5,5,5,2,
代,2,1991,2013,5,5,5,3,
怪,2,1991,2013,5,5,5,4,
或,2,1991,2013,5,5,5,5,
经,2,1991,2013,5,5,5,6,
睛,2,1991,2013,5,5,5,7,
句,2,1991,2013,5,5,5,8,
留,2,1991,2013,5,5,5,9,
奇,2,1991,2013,5,5,5,10,
墙,2,1991,2013,5,5,5,11,
清,2,1991,2013,5,5,5,12,
求,2,1991,2013,5,5,5,13,
特,2,1991,2013,5,5,5,14,
条,2,1991,2013,5,5,5,15,
突,2,1991,2013,5,5,5,16,
相,2,1991,2013,5,5,5,17,
眼,2,1991,2013,5,5,5,18,
章,2,1991,2013,5,5,5,19,
指,2,1991,2013,5,5,5,20,
被,2,1991,,,,,1,
表,2,1991,2013,6,6,6,2,1
处,2,1991,2013,6,6,6,3,
词,2,1991,2013,6,6,6,4,2
感,2,1991,2013,6,6,6,5,
构,2,1991,2013,6,6,6,6,3
假,2,1991,2013,6,6,6,7,4
较,2,,2013,6,6,6,,5
科,2,1991,2013,6,6,6,8,6
礼,2,1991,2013,6,6,6,1,
林,2,,2013,6,6,6,,7
落,2,1991,2013,6,6,6,2,8
其,2,1991,2013,6,6,6,3,9
趣,2,1991,2013,6,6,6,4,10
使,2,1991,2013,6,6,6,5,
术,2,1991,2013,6,6,6,6,11
送,2,1991,2013,6,6,6,7,
义,2,1991,2013,6,6,6,8,12
艺,2,1991,2013,6,6,6,9,13
优,2,1991,2013,6,6,6,10,14
由,2,1991,2013,6,6,6,11,15
原,2,1991,2013,6,6,6,12,16
越,2,1991,2013,6,6,6,13,17
至,2,,2013,6,6,6,,18
组,2,1991,,6,6,6,14,19
布,2,,2013,1,1,1,1,
除,2,,2013,1,1,1,2,
但,2,,2013,1,1,1,3,
积,2,,2013,1,1,1,4,
极,2,,2013,1,1,1,5,
欧,2,,2013,1,1,1,6,
全,2,,2013,1,1,1,7,
省,2,,2013,1,1,1,8,
数,2,,2013,1,1,1,9,
亿,2,,2013,1,1,1,10,
约,2,,2013,1,1,1,11,
占,2,,2013,1,1,1,12,
洲,2,,2013,1,1,1,13,
族,2,,2013,1,1,1,14,
帮,2,,2013,2,2,2,1,
查,2,,2013,2,2,2,2,
朝,2,,2013,2,2,2,3,
吹,2,,2013,2,2,2,4,
帝,2,,2013,2,2,2,5,
顿,2,,2013,2,2,2,6,
皇,2,,2013,2,2,2,7,
奶,2,,2013,2,2,2,8,
拳,2,,2013,2,2,2,9,
赛,2,,2013,2,2,2,10,
食,2,,2013,2,2,2,11,
宋,2,,2013,2,2,2,12,
堂,2,,2013,2,2,2,13,
玩,2,,2013,2,2,2,14,
修,2,,2013,2,2,2,15,
爷,2,,2013,2,2,2,16,
赵,2,,2013,2,2,2,17,
醉,2,,2013,2,2,2,18,
倍,2,,2013,3,3,3,1,
产,2,,2013,3,3,3,2,
佛,2,,2013,3,3,3,3,
福,2,,2013,3,3,3,4,
格,2,,2013,3,3,3,5,
合,2,,2013,3,3,3,6,
货,2,,2013,3,3,3,7,
级,2,,2013,3,3,3,8,
价,2,,2013,3,3,3,9,
礼,2,,2013,3,3,3,10,
量,2,,2013,3,3,3,11,
留,2,,2013,3,3,3,12,
品,2,,2013,3,3,3,13,
送,2,,2013,3,3,3,14,
随,2,,2013,3,3,3,15,
孙,2,,2013,3,3,3,16,
讨,2,,2013,3,3,3,17,
宜,2,,2013,3,3,3,18,
值,2,,2013,3,3,3,19,
质,2,,2013,3,3,3,20,
资,2,,2013,3,3,3,21,
备,2,,2013,4,4,4,1,
超,2,,2013,4,4,4,2,
乘,2,,2013,4,4,4,3,
迟,2,,2013,4,4,4,4,
虫,2,,2013,4,4,4,5,
疯,2,,2013,4,4,4,6,
姑,2,,2013,4,4,4,7,
界,2,,2013,4,4,4,8,
客,2,,2013,4,4,4,9,
狂,2,,2013,4,4,4,10,
脸,2,,2013,4,4,4,11,
满,2,,2013,4,4,4,12,
慕,2,,2013,4,4,4,13,
闹,2,,2013,4,4,4,14,
娘,2,,2013,4,4,4,15,
爬,2,,2013,4,4,4,16,
世,2,,2013,4,4,4,17,
铁,2,,2013,4,4,4,18,
停,2,,2013,4,4,4,19,
羡,2,,2013,4,4,4,20,
准,2,,2013,4,4,4,21,
般,2,,2013,7,7,7,,1
称,2,,2013,7,7,7,,2
该,2,,2013,7,7,7,,3
惯,2,1991,2013,7,7,7,1,4
呼,2,1991,2013,7,7,7,2,5
极,2,1991,,,,,3,
接,2,1991,2013,7,7,7,4,6
姐,2,,2013,7,7,7,,7
解,2,1991,2013,7,7,7,5,8
经,2,,2013,7,7,7,,9
据,2,1991,2013,7,7,7,6,10
具,2,1991,2013,7,7,7,7,11
理,2,1991,2013,7,7,7,8,12
连,2,1991,,7,7,7,9,
论,2,1991,,7,7,7,10,
跑,2,1991,2013,7,7,7,11,13
情,2,1991,2013,7,7,7,12,14
示,2,1991,2013,7,7,7,13,15
受,2,1991,2013,7,7,7,14,16
习,2,1991,2013,7,7,7,15,17
向,2,1991,2013,7,7,7,16,18
已,2,1991,2013,7,7,7,17,19
应,2,1991,,,,,18,
遇,2,1991,2013,7,7,7,19,19
招,2,1991,2013,7,7,7,20,20
之,2,1991,,,,,21,
板,2,1991,2013,8,8,8,1,1
背,2,1991,2013,8,8,8,2,2
彻,2,1991,,,,,3,
底,2,1991,,,,,4,
敢,2,1991,2013,8,8,8,5,3
告,2,1991,,,,,6,
根,2,1991,2013,8,8,8,7,4
挂,2,1991,2013,8,8,8,8,5
鬼,2,1991,2013,8,8,8,9,6
怀,2,1991,2013,8,8,8,10,7
件,2,,2013,8,8,8,,8
紧,2,,2013,8,8,8,,9
类,2,1991,2013,8,8,8,11,10
亮,2,1991,2013,8,8,8,12,11
论,2,,2013,8,8,8,,12
迷,2,1991,2013,8,8,8,13,13
命,2,1991,2013,8,8,8,14,14
木,2,1991,2013,8,8,8,15,15
闹,2,1991,,,,,16,
怕,2,1991,2013,8,8,8,17,16
漂,2,1991,2013,8,8,8,18,17
器,2,1991,2013,8,8,8,19,18
色,2,1991,,,,,20,
神,2,1991,2013,8,8,8,21,19
诉,2,1991,,,,,22,
算,2,1991,,,,,23,
无,2,1991,,,,,24,
吓,2,1991,2013,8,8,8,25,20
疑,2,1991,2013,8,8,8,26,21
者,2,1991,2013,8,8,8,27,22
注,2,1991,2013,8,8,8,28,23
总,2,1991,2013,8,8,8,29,24
爸,2,,2013,9,9,9,,1
般,2,1991,,,,,1,
抱,2,1991,,,,,2,
承,2,1991,2013,9,9,9,3,2
达,2,1991,2013,9,9,9,4,3
富,2,1991,2013,9,9,9,5,4
含,2,1991,2013,9,9,9,6,5
换,2,1991,2013,9,9,9,7,6
革,2,,2013,9,9,9,,7
寄,2,1991,2013,9,9,9,8,8
继,2,1991,2013,9,9,9,9,9
建,2,,2013,9,9,9,,10
将,2,1991,,,,,10,
仅,2,1991,2013,9,9,9,11,11
究,2,,2013,9,9,9,,12
况,2,1991,,,,,12,
妈,2,,2013,9,9,9,,13
强,2,1991,2013,9,9,9,13,14
取,2,,2013,9,9,9,,15
却,2,1991,2013,9,9,9,14,16
随,2,1991,,,,,15,
通,2,1991,2013,9,9,9,16,17
托,2,1991,2013,9,9,9,17,18
望,2,1991,2013,9,9,9,18,19
卫,2,,2013,9,9,9,,20
希,2,1991,2013,9,9,9,19,21
系,2,1991,,,,,20,
夏,2,,2013,9,9,9,,22
乡,2,,2013,9,9,9,,23
选,2,1991,2013,9,9,9,21,24
雪,2,,2013,9,9,9,,25
研,2,,2013,9,9,9,,26
员,2,,2013,9,9,9,,27
革,2,1991,,,,,1,
光,2,1991,,,,,2,
何,2,1991,,,,,3,
建,2,1991,,,,,4,
介,2,1991,,,,,5,
静,2,1991,,,,,6,
究,2,1991,,,,,7,
丽,2,1991,,,,,8,
林,2,1991,,,,,9,
篇,2,1991,,,,,10,
绍,2,1991,,,,,11,
首,2,1991,,,,,12,
卫,2,1991,,,,,13,
细,2,1991,,,,,14,
夏,2,1991,,,,,15,
乡,2,1991,,,,,16,
香,2,1991,,,,,17,
雪,2,1991,,,,,18,
研,2,1991,,,,,19,
周,2,1991,,,,,20,
仔,2,1991,,,,,21,
抱,2,,2013,10,10,10,,1
被,2,,2013,10,10,10,,2
标,2,1991,2013,10,10,10,1,
材,2,1991,2013,10,10,10,2,
曾,2,,2013,10,10,10,,3
答,2,1991,2013,10,10,10,3,4
待,2,1991,2013,10,10,10,4,5
掉,2,1991,2013,10,10,10,5,6
度,2,1991,2013,10,10,10,6,7
断,2,1991,2013,10,10,10,7,8
而,2,1991,2013,10,10,10,8,9
反,2,1991,2013,10,10,10,9,10
故,2,1991,2013,10,10,10,10,11
砍,2,1991,2013,10,10,10,11,12
且,2,,2013,10,10,10,,13
却,2,,2013,10,10,10,,14
杀,2,1991,2013,10,10,10,12,15
世,2,1991,,,,,13,
树,2,1991,2013,10,10,10,14,16
态,2,1991,2013,10,10,10,15,17
统,2,1991,2013,10,10,10,16,18
响,2,1991,2013,10,10,10,17,19
养,2,1991,2013,10,10,10,18,20
映,2,1991,2013,10,10,10,19,21
于,2,1991,,,,,20,
至,2,1991,,,,,21,
准,2,1991,,,,,22,
部,2,,2013,11,11,11,,1
但,2,1991,,,,,1,
导,2,,2013,11,11,11,,2
弟,2,1991,,,,,2,
访,2,,2013,11,11,11,,3
妇,2,1991,2013,11,11,11,3,4
管,2,1991,2013,11,11,11,4,5
害,2,1991,2013,11,11,11,5,6
尽,2,1991,2013,11,11,11,6,7
净,2,,2013,11,11,11,,8
哭,2,1991,2013,11,11,11,7,9
利,2,1991,2013,11,11,11,8,10
流,2,,2013,11,11,11,,11
齐,2,1991,2013,11,11,11,9,12
且,2,1991,,,,,10,
伤,2,1991,2013,11,11,11,11,13
死,2,1991,2013,11,11,11,12,14
洗,2,,2013,11,11,11,,15
幸,2,1991,2013,11,11,11,13,16
血,2,,2013,11,11,11,,17
于,2,,2013,11,11,11,,18
育,2,1991,,,,,14,
丈,2,1991,2013,11,11,11,15,19
制,2,1991,2013,11,11,11,16,20
治,2,1991,2013,11,11,11,17,21
著,2,1991,2013,11,11,11,18,22
专,2,1991,2013,11,11,11,19,23
座,2,1991,2013,11,11,11,20,24
岸,2,1991,2013,12,12,12,1,1
层,2,1991,2013,12,12,12,2,2
床,2,1991,2013,12,12,12,3,3
低,2,1991,2013,12,12,12,4,4
隔,2,1991,2013,12,12,12,5,5
瓜,2,1991,2013,12,12,12,6,6
何,2,,2013,12,12,12,,7
涣,2,,2013,12,12,12,,8
举,2,1991,2013,12,12,12,7,9
流,2,1991,,,,,8,
绿,2,1991,2013,12,12,12,9,10
目,2,1991,2013,12,12,12,10,11
穷,2,1991,2013,12,12,12,11,12
入,2,1991,2013,12,12,12,12,13
诗,2,1991,2013,12,12,12,13,14
石,2,1991,2013,12,12,12,14,15
首,2,,2013,12,12,12,,16
数,2,1991,,,,,15,
霜,2,1991,2013,12,12,12,16,17
依,2,1991,2013,12,12,12,17,18
欲,2,1991,2013,12,12,12,18,19
照,2,1991,2013,12,12,12,19,20
洲,2,1991,,,,,20,
保,2,,2013,13,13,13,,1
鼻,2,1991,2013,13,13,13,1,2
遍,2,1991,,,,,2,
参,2,1991,,,,,3,
察,2,1991,,,,,4,
朵,2,1991,2013,13,13,13,5,3
姑,2,1991,,,,,6,
观,2,1991,2013,13,13,13,7,4
华,2,,2013,13,13,13,,5
婚,2,1991,2013,13,13,13,8,6
脚,2,1991,2013,13,13,13,9,7
结,2,1991,2013,13,13,13,10,8
斤,2,,2013,13,13,13,,9
景,2,1991,2013,13,13,13,11,10
困,2,1991,2013,13,13,13,12,11
丽,2,,2013,13,13,13,,12
俩,2,,2013,13,13,13,,13
满,2,1991,,,,,13,
娘,2,1991,,,,,14,
桥,2,,2013,13,13,13,,14
青,2,1991,2013,13,13,13,15,15
容,2,1991,2013,13,13,13,16,16
双,2,1991,2013,13,13,13,17,17
谈,2,,2013,13,13,13,,18
替,2,1991,2013,13,13,13,18,19
闻,2,1991,2013,13,13,13,19,20
细,2,,2013,13,13,13,,21
形,2,1991,2013,13,13,13,20,22
叶,2,1991,2013,13,13,13,21,23
证,2,,2013,13,13,13,,24
装,2,1991,2013,13,13,13,22,25
仔,2,,2013,13,13,13,,26
帮,2,1991,,,,,1,
备,2,1991,,,,,2,
并,2,1991,2013,14,14,14,3,1
察,2,,2013,14,14,14,,2
彻,2,,2013,14,14,14,,3
典,,,2013,14,14,14,,4
弓,2,1991,2013,14,14,14,3,5
汗,2,1991,2013,14,14,14,4,6
际,2,1991,,,,,5,
忽,,,2013,14,14,14,,7
街,2,1991,2013,14,14,14,6,8
精,2,1991,2013,14,14,14,7,9
况,,,2013,14,14,14,,10
拉,,,2013,14,14,14,,11
历,2,1991,2013,14,14,14,8,12
某,2,1991,2013,14,14,14,9,13
派,2,1991,2013,14,14,14,10,14
蛇,2,1991,2013,14,14,14,11,15
实,2,1991,,,,,12,
舒,2,1991,2013,14,14,14,13,16
似,2,1991,2013,14,14,14,14,17
谈,2,1991,,,,,15,
析,2,1991,2013,14,14,14,16,18
笑,2,1991,2013,14,14,14,17,19
忆,2,1991,2013,14,14,14,18,20
愿,2,1991,2013,14,14,14,19,21
助,2,1991,2013,14,14,14,20,22
补,2,,2013,15,15,15,,1
初,2,1991,2013,15,15,15,1,2
穿,2,,2013,15,15,15,,3
此,2,1991,2013,15,15,15,2,4
耳,2,1991,2013,15,15,15,3,5
顾,2,1991,2013,15,15,15,4,6
合,2,1991,,,,,5,
乎,2,1991,,,,,6,
忽,2,1991,,,,,7,
记,2,1991,2013,15,15,15,8,7
靠,2,1991,2013,15,15,15,9,8
客,2,1991,,,,,10,
脸,2,1991,,,,,11,
鲁,2,,2013,15,15,15,,9
泥,2,,2013,15,15,15,,10
破,2,,2013,15,15,15,,11
确,2,1991,2013,15,15,15,12,12
衫,2,,2013,15,15,15,,13
熟,2,1991,2013,15,15,15,13,14
碗,2,1991,2013,15,15,15,14,15
惟,2,,2013,15,15,15,,16
温,2,1991,2013,15,15,15,15,17
迅,2,,2013,15,15,15,,18
乙,2,1991,2013,15,15,15,16,19
约,2,1991,,,,,17,
脏,2,,2013,15,15,15,,20
整,2,1991,2013,15,15,15,18,21
终,2,1991,2013,15,15,15,19,22
称,2,1991,,,,,1,
淡,2,1991,2013,16,16,16,2,1
读,2,1991,2013,16,16,16,3,2
短,2,,2013,16,16,16,,3
队,2,1991,2013,16,16,16,4,4
费,2,,2013,16,16,16,,5
付,2,,2013,16,16,16,,6
该,2,1991,,,,,5,
感,2,,2013,16,16,16,,7
搞,2,,2013,16,16,16,,8
各,2,,2013,16,16,16,,9
坏,2,,2013,16,16,16,,10
基,2,,2013,16,16,16,,11
济,2,,2013,16,16,16,,12
架,2,,2013,16,16,16,,13
静,2,,2013,16,16,16,,14
浪,2,,2013,16,16,16,,15
量,2,1991,,,,,6,
烈,2,,2013,16,16,16,,16
排,2,1991,2013,16,16,16,7,17
品,2,1991,,,,,8,
深,2,1991,2013,16,16,16,9,18
甚,2,1991,2013,16,16,16,10,19
视,2,1991,2013,16,16,16,11,20
台,2,,2013,16,16,16,,21
务,2,1991,2013,16,16,16,12,22
显,2,1991,2013,16,16,16,13,23
性,2,1991,2013,16,16,16,14,24
业,2,1991,2013,16,16,16,15,25
印,2,,2013,16,16,16,,26
英,2,,2013,16,16,16,,27
应,2,1991,,,,,16,
员,2,1991,,,,,17,
则,2,1991,,,,,18,
支,2,,2013,16,16,16,,28
织,2,,2013,16,16,16,,29
保,2,1991,,,,,1,
部,2,1991,,,,,2,
村,2,1991,,,,,3,
短,2,1991,2013,16,16,16,4,3
费,2,1991,2013,16,16,16,5,5
福,2,1991,,,,,6,
搞,2,1991,2013,16,16,16,7,8
各,2,1991,2013,16,16,16,8,9
坏,2,1991,2013,16,16,16,9,10
货,2,1991,,,,,10,
济,2,1991,2013,16,16,16,11,12
架,2,1991,2013,16,16,16,12,13
浪,2,1991,2013,16,16,16,13,15
烈,2,1991,2013,16,16,16,14,16
农,2,1991,,,,,15,
台,2,1991,2013,16,16,16,16,21
玩,2,1991,,,,,17,
洗,2,1991,,,,,18,
修,2,1991,,,,,19,
州,2,1991,,,,,20,
按,2,1991,2013,17,17,17,1,1
拜,2,1991,2013,17,17,17,2,2
爆,2,1991,2013,17,17,17,3,3
财,2,,2013,17,17,17,,4
除,2,1991,,,,,4,
穿,2,1991,,,,,5,
窗,2,1991,2013,17,17,17,6,5
村,2,,2013,17,17,17,,6
恭,2,,2013,17,17,17,,7
号,2,1991,2013,17,17,17,7,8
互,2,1991,2013,17,17,17,8,9
户,2,1991,2013,17,17,17,9,10
节,2,1991,2013,17,17,17,10,11
联,2,1991,2013,17,17,17,11,12
旅,2,1991,2013,17,17,17,15,13
内,2,1991,,,,,13,14
农,2,,2013,17,17,17,,
庆,2,1991,2013,17,17,17,14,15
适,2,1991,2013,17,17,17,15,16
守,2,1991,2013,17,17,17,16,17
睡,2,1991,,,,,17,18
贴,2,1991,2013,17,17,17,18,19
团,2,1991,2013,17,17,17,19,20
圆,2,1991,2013,17,17,17,20,21
直,2,1991,2013,17,17,17,21,22
竹,2,1991,2013,17,17,17,22,23
布,2,1991,,,,,1,
程,2,1991,2013,18,18,18,2,1
灯,2,,2013,18,18,18,,2
独,2,1991,2013,18,18,18,3,3
范,2,1991,2013,18,18,18,4,4
格,2,1991,,,,,5,
固,2,1991,2013,18,18,18,6,5
规,2,1991,2013,18,18,18,7,6
环,2,1991,2013,18,18,18,8,7
纪,2,1991,2013,18,18,18,9,8
角,2,1991,2013,18,18,18,10,9
介,2,,2013,18,18,18,,10
境,2,1991,2013,18,18,18,11,11
剧,2,1991,2013,18,18,18,12,12
空,2,1991,2013,18,18,18,13,13
练,2,,2013,18,18,18,,14
绍,2,,2013,18,18,18,,15
设,2,1991,,,,,14,
式,2,1991,2013,18,18,18,15,16
势,2,,2013,18,18,18,,17
武,2,1991,2013,18,18,18,16,18
舞,2,1991,2013,18,18,18,17,19
戏,2,,2013,18,18,18,,20
演,2,1991,2013,18,18,18,18,21
职,2,1991,2013,18,18,18,19,22
众,2,1991,2013,18,18,18,20,23
族,2,1991,,,,,21,
爸,2,1991,,,,,1,
党,2,,2013,19,19,19,,1
封,2,1991,2013,19,19,19,2,2
官,2,1991,2013,19,19,19,3,3
划,2,,2013,19,19,19,,4
季,2,,2013,19,19,19,,5
加,2,1991,2013,19,19,19,4,6
健,2,1991,2013,19,19,19,5,7
姐,2,1991,,,,,6,
界,2,1991,,,,,7,
敬,2,1991,2013,19,19,19,8,8
康,2,1991,2013,19,19,19,9,9
力,2,1991,2013,19,19,19,10,10
领,2,,2013,19,19,19,,11
内,2,,2013,19,19,19,,12
妈,2,1991,,,,,11,
切,2,1991,2013,19,19,19,12,13
士,2,1991,2013,19,19,19,13,14
顺,2,1991,2013,19,19,19,14,15
私,2,,2013,19,19,19,,16
许,2,,2013,19,19,19,,17
英,2,1991,,,,,15,
右,2,1991,2013,19,19,19,16,18
政,2,1991,2013,19,19,19,17,19
纸,2,,2013,19,19,19,18,20
志,2,,2013,19,19,19,19,21
致,2,1991,2013,19,19,19,20,22
左,2,1991,2013,19,19,19,21,23
步,2,1991,2013,22,22,22,1,1
参,2,,2013,22,22,22,,
单,2,1991,,,,,2,
调,2,1991,2013,22,22,22,3,2
及,2,1991,2013,22,22,22,4,3
集,2,1991,2013,22,22,22,5,4
较,2,1991,,,,,6,
考,2,1991,,,,,7,
判,2,1991,2013,22,22,22,8,4
培,2,1991,2013,22,22,22,9,5
评,2,1991,2013,22,22,22,10,6
球,2,1991,2013,22,22,22,11,7
扰,2,1991,2013,22,22,22,12,8
善,2,1991,2013,22,22,22,13,9
碎,2,1991,,,,,14,
试,2,,2013,22,22,22,,11
围,2,1991,2013,22,22,22,15,12
线,2,1991,2013,22,22,22,16,13
颜,2,1991,,,,,17,
议,2,1991,,,,,18,
易,2,1991,,,,,19,
运,2,1991,2013,22,22,22,20,14
则,2,,2013,22,22,22,,15
证,2,,2013,22,22,22,,16
补,2,1991,,,,,1,
产,2,1991,,,,,2,
蛋,2,1991,,,,,3,
概,2,1991,2013,20,20,20,4,1
够,2,1991,,,,,5,
积,2,1991,,,,,6,
技,2,1991,2013,20,20,20,7,2
际,2,,2013,20,20,20,,3
肯,2,,2013,20,20,20,,4
例,2,1991,2013,20,20,20,8,5
料,2,1991,2013,20,20,20,9,6
另,2,1991,2013,20,20,20,10,7
弄,2,1991,2013,20,20,20,11,8
暖,2,1991,2013,20,20,20,12,9
普,2,,2013,20,20,20,,10
食,2,1991,,,,,13,
实,2,,2013,20,20,20,,11
史,2,1991,2013,20,20,20,14,12
试,2,1991,,,,,15,
土,2,1991,2013,20,20,20,16,13
需,2,1991,2013,20,20,20,17,14
颜,2,,2013,20,20,20,,15
易,2,,2013,20,20,20,,16
阴,2,1991,2013,20,20,20,18,17
油,2,1991,2013,20,20,20,19,18
展,2,1991,2013,20,20,20,20,19
周,2,,2013,20,20,20,,20
转,2,1991,2013,20,20,20,21,21
壮,2,1991,2013,20,20,20,22,22
辩,2,1991,2013,21,21,21,1,1
草,2,1991,,,,,2,
单,2,,2013,21,21,21,,2
乏,2,1991,2013,21,21,21,3,3
副,2,1991,2013,21,21,21,4,4
复,2,1991,2013,21,21,21,5,5
骨,2,,2013,21,21,21,,6
简,2,,2013,21,21,21,,7
考,2,,2013,21,21,21,,8
苦,2,,2013,21,21,21,,9
疗,2,1991,2013,21,21,21,6,10
虑,2,1991,2013,21,21,21,7,11
密,2,1991,2013,21,21,21,8,12
全,2,1991,,,,,9,
缺,2,1991,2013,21,21,21,10,13
痛,2,,2013,21,21,21,,14
味,2,1991,2013,21,21,21,11,15
系,2,,2013,21,21,21,,16
效,2,1991,2013,21,21,21,12,17
许,2,1991,,,,,13,
续,2,1991,2013,21,21,21,14,18
牙,2,1991,2013,21,21,21,15,19
与,2,1991,2013,21,21,21,16,20
杂,2,1991,2013,21,21,21,17,21
咱,2,1991,2013,21,21,21,18,22
诊,2,1991,2013,21,21,21,19,23
止,2,1991,2013,21,21,21,20,24
暗,2,1991,2013,23,23,23,1,1
必,2,1991,2013,23,23,23,2,2
避,2,1991,2013,23,23,23,3,3
冲,2,1991,2013,23,23,23,4,4
存,2,1991,2013,23,23,23,5,5
躲,2,1991,2013,23,23,23,6,6
坟,2,1991,2013,23,23,23,7,7
狗,2,1991,2013,23,23,23,8,8
刮,2,1991,2013,23,23,23,9,9
恨,2,1991,2013,23,23,23,10,10
护,2,1991,2013,23,23,23,11,11
拒,2,1991,2013,23,23,23,12,12
绝,2,1991,2013,23,23,23,13,13
凉,2,1991,2013,23,23,23,14,14
猛,2,1991,2013,23,23,23,15,15
怒,2,1991,2013,23,23,23,16,16
舍,2,,2013,23,23,23,,17
索,2,1991,2013,23,23,23,17,18
屋,2,1991,2013,23,23,23,18,19
限,2,1991,2013,23,23,23,19,20
像,2,1991,,,,,20,
羞,2,1991,2013,23,23,23,21,21
嘴,2,1991,2013,23,23,23,22,22
采,2,1991,2013,24,24,24,1,1
草,2,,2013,24,24,24,,2
厂,2,1991,2013,24,24,24,2,3
船,2,1991,2013,24,24,24,3,4
防,2,,2013,24,24,24,,5
功,2,1991,2013,24,24,24,4,6
胡,2,1991,2013,24,24,24,5,7
计,2,1991,2013,24,24,24,6,8
价,2,1991,,,,,7,
交,2,1991,2013,24,24,24,8,10
军,2,1991,2013,24,24,24,9,11
启,2,,2013,24,24,24,,12
任,2,1991,2013,24,24,24,10,13
设,2,,2013,24,24,24,,14
省,2,1991,,,,,11,
司,2,1991,2013,24,24,24,12,15
碎,2,,2013,24,24,24,,16
推,2,1991,2013,24,24,24,13,17
湾,2,,2013,24,24,24,,18
委,2,,2013,24,24,24,,19
项,2,1991,2013,24,24,24,14,20
消,2,,2013,24,24,24,,21
鞋,2,1991,,,,,15,
寻,2,1991,2013,24,24,24,16,22
验,2,,2013,24,24,24,,23
议,2,,2013,24,24,24,,24
云,2,1991,2013,24,24,24,17,25
造,2,,2013,24,24,24,,26
增,2,1991,2013,24,24,24,18,27
州,2,,2013,24,24,24,,28
足,2,1991,2013,24,24,24,19,29
变,2,1991,2013,25,25,25,1,1
彩,2,1991,2013,25,25,25,2,2
曾,2,1991,,,,,3,
创,2,1991,2013,25,25,25,4,3
段,2,,2013,25,25,25,,4
府,2,,2013,25,25,25,,5
改,2,1991,2013,25,25,25,5,6
获,2,,2013,25,25,25,,7
急,2,,2013,25,25,25,,8
件,2,1991,,,,,6,
阶,2,,2013,25,25,25,,9
紧,2,1991,,,,,7,
救,2,1991,2013,25,25,25,8,10
居,2,1991,2013,25,25,25,9,11
局,2,,2013,25,25,25,,12
决,2,,2013,25,25,25,,13
劳,2,1991,2013,25,25,25,10,14
鲁,2,1991,,,,,11,
篇,2,,2013,25,25,25,,15
破,2,1991,,,,,12,
巧,2,1991,2013,25,25,25,13,16
社,2,1991,2013,25,25,25,14,17
庭,2,1991,2013,25,25,25,15,18
鲜,2,1991,2013,25,25,25,16,19
迅,2,1991,,,,,17,
虫,2,1991,,,,,1,
党,2,1991,,,,,2,
导,2,1991,,,,,3,
灯,2,1991,,,,,4,
防,2,1991,,,,,5,
访,2,1991,,,,,6,
府,2,1991,,,,,7,
华,2,1991,,,,,8,
划,2,1991,,,,,9,
获,2,1991,,,,,10,
基,2,1991,,,,,11,
季,2,1991,,,,,12,
领,2,1991,,,,,13,
死,2,1991,,,,,14,
血,2,1991,,,,,15,
验,2,1991,,,,,16,
支,2,1991,,,,,17,
织,2,1991,,,,,18,
值,2,1991,,,,,19,
资,2,1991,,,,,20,
斤,2,1991,,,,,1,
局,2,1991,,,,,2,
决,2,1991,,,,,3,
肯,2,1991,,,,,4,
苦,2,1991,,,,,5,
拉,2,1991,,,,,6,
练,2,1991,,,,,7,
料,2,1991,,,,,8,
普,2,1991,,,,,9,
桥,2,1991,,,,,10,
取,2,1991,,,,,11,
势,2,1991,,,,,12,
铁,2,1991,,,,,13,
停,2,1991,,,,,14,
委,2,1991,,,,,15,
消,2,1991,,,,,16,
爷,2,1991,,,,,17,
